selection_id,batch,image,value,unit,display_text,confidence,format,source_group,leading_zeros,max_repeat_run,token_count,selection_reason,review_priority,annotation_status,notes
1,batch_01,38.png,00.000,kW,F MD,0.85,decimal,LCD_ORIGINAL,2,3,2,"decimal, leading zeros, repeated chars, explicit unit",Standard review,Not started,
2,batch_01,46.png,000.72,kW,T4,0.95,decimal,LCD_ORIGINAL,3,3,1,"decimal, leading zeros, repeated chars, explicit unit",Standard review,Not started,
3,batch_01,51.png,002.99,A,IP T4,0.95,decimal,LCD_ORIGINAL,2,2,2,"decimal, leading zeros, repeated chars, explicit unit",Standard review,Not started,
4,batch_01,61.png,003.01,A,IP T4,0.95,decimal,LCD_ORIGINAL,2,2,2,"decimal, leading zeros, repeated chars, explicit unit",Standard review,Not started,
5,batch_01,63.png,000.68,kW,T4,0.95,decimal,LCD_ORIGINAL,3,3,1,"decimal, leading zeros, repeated chars, explicit unit",Standard review,Not started,
6,batch_01,64.png,0.997,,PF T4,0.95,decimal,LCD_ORIGINAL,1,2,2,"decimal, leading zeros, repeated chars",Standard review,Not started,
7,batch_01,103.png,09:15:00,kVA,t IP B1 MD,0.85,colon,Images,1,2,4,"colon/time, leading zeros, repeated chars, multi-token text, explicit unit",Standard review,Not started,
8,batch_01,161.png,00:00:00,,d lr,0.85,colon,Images,2,2,2,"colon/time, leading zeros, repeated chars",Standard review,Not started,
9,batch_01,187.png,04:07:26,,d,0.9,colon,Images,1,1,1,"colon/time, leading zeros",Standard review,Not started,
10,batch_01,203.png,09:00:00,kVA,t EP B1 MD,0.85,colon,Images,1,2,4,"colon/time, leading zeros, repeated chars, multi-token text, explicit unit",Standard review,Not started,
11,batch_01,205.png,28:06:26,kVA,d EP B1 MD,0.85,colon,Images,0,1,4,"colon/time, multi-token text, explicit unit",Standard review,Not started,
12,batch_01,213.png,22:06:26,,d,0.9,colon,Images,0,2,1,"colon/time, repeated chars",Standard review,Not started,
13,batch_01,222.png,17:12:00,kW,t IP B1 MD,0.85,colon,Images,0,2,4,"colon/time, repeated chars, multi-token text, explicit unit",Standard review,Not started,
14,batch_01,231.png,00:00:00,,d BAL,0.85,colon,Images,2,2,2,"colon/time, leading zeros, repeated chars",Standard review,Not started,
15,batch_01,246.png,28:06:26,kW,d IP B1 MD,0.9,colon,Images,0,1,4,"colon/time, multi-token text, explicit unit",Standard review,Not started,
16,batch_01,250.png,09:15:00,kW,t IP B1 MD,0.9,colon,Images,1,2,4,"colon/time, leading zeros, repeated chars, multi-token text, explicit unit",Standard review,Not started,
17,batch_01,269.png,00:00:00,,t BAL,0.85,colon,Images,2,2,2,"colon/time, leading zeros, repeated chars",Standard review,Not started,
18,batch_01,283.png,00:00:00,,t lr,0.85,colon,Images,2,2,2,"colon/time, leading zeros, repeated chars",Standard review,Not started,
19,batch_01,287.png,09:00:00,kW,t EP B1 MD,0.9,colon,Images,1,2,4,"colon/time, leading zeros, repeated chars, multi-token text, explicit unit",Standard review,Not started,
20,batch_01,291.png,28:06:26,kW,d EP B1 MD,0.9,colon,Images,0,1,4,"colon/time, multi-token text, explicit unit",Standard review,Not started,
21,batch_02,298.png,28:06:26,kVA,d IP B1 MD,0.9,colon,Images,0,1,4,"colon/time, multi-token text, explicit unit",Standard review,Not started,
22,batch_02,313.png,11:01:30,,t,0.9,colon,Images,0,2,1,"colon/time, repeated chars",Standard review,Not started,
23,batch_02,372.png,16:06:26,kW,d IP B1 MD,0.9,colon,Images,0,1,4,"colon/time, multi-token text, explicit unit",Standard review,Not started,
24,batch_02,101.png,05.773,kVA,IP B1 MD,0.85,decimal,Images,1,2,3,"decimal, leading zeros, repeated chars, explicit unit",Standard review,Not started,
25,batch_02,113.png,00.000,kW,IP B1 MD,0.85,decimal,Images,2,3,3,"decimal, leading zeros, repeated chars, explicit unit",Standard review,Not started,
26,batch_02,124.png,00.000,kVA,IP B1 MD,0.85,decimal,Images,2,3,3,"decimal, leading zeros, repeated chars, explicit unit",Standard review,Not started,
27,batch_02,127.png,9.8,,FG,0.8,decimal,Images,0,1,1,decimal,Standard review,Not started,
28,batch_02,136.png,5.8,,FG,0.8,decimal,Images,0,1,1,decimal,Standard review,Not started,
29,batch_02,137.png,888888.8,kWArh,EP T8 BAL8,0.55,decimal,Images,0,6,3,"decimal, repeated chars, explicit unit, low-confidence review",Mandatory review,Not started,
30,batch_02,178.png,0.999,,PF IPT1 BA,0.8,decimal,Images,1,3,3,"decimal, leading zeros, repeated chars",Standard review,Not started,
31,batch_02,181.png,1.000,,PF EPT1 BA,0.8,decimal,Images,0,3,3,"decimal, repeated chars",Standard review,Not started,
32,batch_02,201.png,00.000,kVA,EP B1 MD,0.85,decimal,Images,2,3,3,"decimal, leading zeros, repeated chars, explicit unit",Standard review,Not started,
33,batch_02,243.png,05.773,kW,IP B1 MD,0.9,decimal,Images,1,2,3,"decimal, leading zeros, repeated chars, explicit unit",Standard review,Not started,
34,batch_02,271.png,0000.00,rupees,BAL,0.9,decimal,Images,4,4,1,"decimal, leading zeros, repeated chars, explicit unit",Standard review,Not started,
35,batch_02,282.png,0000.00,rupees,Alr,0.85,decimal,Images,4,4,1,"decimal, leading zeros, repeated chars, explicit unit",Standard review,Not started,
36,batch_02,290.png,00.000,kW,EP B1 MD,0.9,decimal,Images,2,3,3,"decimal, leading zeros, repeated chars, explicit unit",Standard review,Not started,
37,batch_02,292.png,1.000,,PF EP T1 BA,0.9,decimal,Images,0,3,4,"decimal, repeated chars, multi-token text",Standard review,Not started,
38,batch_02,357.png,0000.00,rupees,lr,0.9,decimal,Images,4,4,1,"decimal, leading zeros, repeated chars, explicit unit",Standard review,Not started,
39,batch_02,109.png,51,,T2 S,0.85,integer,Images,0,1,2,coverage diversity,Standard review,Not started,
40,batch_02,143.png,000141,kWh,IP B1,0.9,integer,Images,3,3,2,"leading zeros, repeated chars, explicit unit",Standard review,Not started,
41,batch_03,148.png,000003,,T2 S,0.85,integer,Images,5,5,2,"leading zeros, repeated chars",Standard review,Not started,
42,batch_03,162.png,000030,kWh,IP B1,0.9,integer,Images,4,4,2,"leading zeros, repeated chars, explicit unit",Standard review,Not started,
43,batch_03,198.png,000003,kWh,EP B1,0.9,integer,Images,5,5,2,"leading zeros, repeated chars, explicit unit",Standard review,Not started,
44,batch_03,223.png,51000,,S T2,0.75,integer,Images,0,3,2,repeated chars,Priority review,Not started,
45,batch_03,256.png,642511,,S T1,0.8,integer,Images,0,2,2,repeated chars,Standard review,Not started,
46,batch_03,257.png,000030,kWh,IP T1,0.9,integer,Images,4,4,2,"leading zeros, repeated chars, explicit unit",Standard review,Not started,
47,batch_03,284.png,000003,kWh,EP T1,0.9,integer,Images,5,5,2,"leading zeros, repeated chars, explicit unit",Standard review,Not started,
48,batch_03,297.png,000034,kVAh,IP B1,0.9,integer,Images,4,4,2,"leading zeros, repeated chars, explicit unit",Standard review,Not started,
49,batch_03,303.png,042,,S T1,0.35,integer,Images,1,1,2,"leading zeros, low-confidence review",Mandatory review,Not started,
50,batch_03,309.png,042513,,S T1,0.9,integer,Images,1,1,2,leading zeros,Standard review,Not started,
51,batch_03,385.png,0,,S T1,0.3,integer,Images,1,1,2,"leading zeros, low-confidence review",Mandatory review,Not started,
52,batch_03,67.png,513000,,S T1,0.55,integer,Images,0,3,2,"repeated chars, low-confidence review",Mandatory review,Not started,
53,batch_03,69.png,000003,,S T1,0.6,integer,Images,5,5,2,"leading zeros, repeated chars",Priority review,Not started,
54,batch_03,123.png,,,C_OPEN,0.85,text_only,Images,0,0,1,coverage diversity,Standard review,Not started,
55,batch_03,126.png,,,PO mode n,0.65,text_only,Images,0,0,3,coverage diversity,Priority review,Not started,
56,batch_03,347.png,,,Pr mode n,0.65,text_only,Images,0,0,3,coverage diversity,Priority review,Not started,
57,batch_03,399.png,10:35:16,,t,0.9,colon,more_images,0,1,1,colon/time,Standard review,Not started,
58,batch_03,400.png,10:35:17,,t,0.9,colon,more_images,0,1,1,colon/time,Standard review,Not started,
59,batch_03,411.png,09:15:00,kVA,t IP B1 MD,0.9,colon,more_images,1,2,4,"colon/time, leading zeros, repeated chars, multi-token text, explicit unit",Standard review,Not started,
60,batch_03,439.png,10:24:45,,t,0.9,colon,more_images,0,1,1,colon/time,Standard review,Not started,
61,batch_04,446.png,10:35:22,,t,0.9,colon,more_images,0,2,1,"colon/time, repeated chars",Standard review,Not started,
62,batch_04,465.png,11:13:52,,t,0.9,colon,more_images,0,2,1,"colon/time, repeated chars",Standard review,Not started,
63,batch_04,475.png,11:13:43,,t,0.9,colon,more_images,0,2,1,"colon/time, repeated chars",Standard review,Not started,
64,batch_04,397.png,251300,,S T1,0.75,integer,more_images,0,2,2,repeated chars,Priority review,Not started,
65,batch_04,409.png,000005,kVAh,EP B1,0.9,integer,more_images,5,5,2,"leading zeros, repeated chars, explicit unit",Standard review,Not started,
66,batch_04,453.png,300000,,S T1,0.9,integer,more_images,0,5,2,repeated chars,Standard review,Not started,
67,batch_04,477.png,04251,,S T1,0.9,integer,more_images,1,1,2,leading zeros,Standard review,Not started,
68,batch_04,414.png,,,PuSh,0.85,text_only,more_images,0,0,1,coverage diversity,Standard review,Not started,
69,batch_04,467.png,,,S T1,0.2,text_only,more_images,0,0,2,low-confidence review,Mandatory review,Not started,
70,batch_04,482.png,01:01:58,kW,L1 L2 T1 d MD,0.85,colon,Video_images,1,1,5,"colon/time, leading zeros, multi-token text, explicit unit",Standard review,Not started,
71,batch_04,485.png,01:01:58,kVA,L1 L2 T1 d MD,0.85,colon,Video_images,1,1,5,"colon/time, leading zeros, multi-token text, explicit unit",Standard review,Not started,
72,batch_04,501.png,06:11:26,,t,0.9,colon,Video_images,1,2,1,"colon/time, leading zeros, repeated chars",Standard review,Not started,
73,batch_04,544.png,01:01:58,kW,L1 L2 T1 d B1 MD,0.7,colon,Video_images,1,1,6,"colon/time, leading zeros, multi-token text, explicit unit",Priority review,Not started,
74,batch_04,547.png,01:01:58,kVA,L1 L2 T1 d B1 MD,0.7,colon,Video_images,1,1,6,"colon/time, leading zeros, multi-token text, explicit unit",Priority review,Not started,
75,batch_04,565.png,01:01:58,,L1 L2 T1 d,0.85,colon,Video_images,1,1,4,"colon/time, leading zeros, multi-token text",Standard review,Not started,
76,batch_04,566.png,01:58:59,,L1 L2 T1 t,0.85,colon,Video_images,1,1,4,"colon/time, leading zeros, multi-token text",Standard review,Not started,
77,batch_04,638.png,01:01:58,kW,L2 T1 d B1 MD,0.7,colon,Video_images,1,1,5,"colon/time, leading zeros, multi-token text, explicit unit",Priority review,Not started,
78,batch_04,641.png,01:01:58,kVA,L2 T1 d B1 MD,0.7,colon,Video_images,1,1,5,"colon/time, leading zeros, multi-token text, explicit unit",Priority review,Not started,
79,batch_04,653.png,0000:00:05,,L1 L2 T1 POB,0.75,colon,Video_images,4,4,4,"colon/time, leading zeros, repeated chars, multi-token text",Priority review,Not started,
80,batch_04,656.png,02:06:32,,L1 L2 T1 t,0.85,colon,Video_images,1,1,4,"colon/time, leading zeros, multi-token text",Standard review,Not started,
81,batch_05,665.png,01:01:58,kW,L1 T1 d MD,0.85,colon,Video_images,1,1,4,"colon/time, leading zeros, multi-token text, explicit unit",Standard review,Not started,
82,batch_05,481.png,0.000,kW,L1 L2 T1 MD,0.85,decimal,Video_images,1,3,4,"decimal, leading zeros, repeated chars, multi-token text, explicit unit",Standard review,Not started,
83,batch_05,484.png,0.000,kVA,L1 L2 T1 MD,0.85,decimal,Video_images,1,3,4,"decimal, leading zeros, repeated chars, multi-token text, explicit unit",Standard review,Not started,
84,batch_05,487.png,0.913,,PF L1 L2 T1 AVG,0.85,decimal,Video_images,1,1,5,"decimal, leading zeros, multi-token text",Standard review,Not started,
85,batch_05,527.png,1.000,,L1 L2 T1 PF y,0.85,decimal,Video_images,0,3,5,"decimal, repeated chars, multi-token text",Standard review,Not started,
86,batch_05,593.png,0000001.0,kVAh,L1 L2 T1 t1,0.8,decimal,Video_images,6,6,4,"decimal, leading zeros, repeated chars, multi-token text, explicit unit",Standard review,Not started,
87,batch_05,603.png,0.917,,PF L1 L2 T1 AVG,0.85,decimal,Video_images,1,1,5,"decimal, leading zeros, multi-token text",Standard review,Not started,
88,batch_05,609.png,0.000,A,T1 b,0.85,decimal,Video_images,1,3,2,"decimal, leading zeros, repeated chars, explicit unit",Standard review,Not started,
89,batch_05,628.png,0000000.6,kWh,L1 L2 T1 b1 CUM,0.75,decimal,Video_images,7,7,5,"decimal, leading zeros, repeated chars, multi-token text, explicit unit",Priority review,Not started,
90,batch_05,635.png,0000000.6,kWh,L1 L2 T1 t1B1,0.65,decimal,Video_images,7,7,4,"decimal, leading zeros, repeated chars, multi-token text, explicit unit",Priority review,Not started,
91,batch_05,662.png,0000001.0,kVAh,L1 T1 CUM,0.8,decimal,Video_images,6,6,3,"decimal, leading zeros, repeated chars, explicit unit",Standard review,Not started,
92,batch_05,672.png,0.00,V,L1 L2 T1 b,0.85,decimal,Video_images,1,2,4,"decimal, leading zeros, repeated chars, multi-token text, explicit unit",Standard review,Not started,
93,batch_05,673.png,0.119,A,L1 L2 T1 r,0.85,decimal,Video_images,1,2,4,"decimal, leading zeros, repeated chars, multi-token text, explicit unit",Standard review,Not started,
94,batch_05,678.png,0.479,kVA,L1 L2 T1 P,0.85,decimal,Video_images,1,1,4,"decimal, leading zeros, multi-token text, explicit unit",Standard review,Not started,
95,batch_05,680.png,1.000,,L1 L2 T1 PF B,0.85,decimal,Video_images,0,3,5,"decimal, repeated chars, multi-token text",Standard review,Not started,
96,batch_05,685.png,50.000,Hz,L1 L2 T1 F,0.85,decimal,Video_images,0,3,4,"decimal, repeated chars, multi-token text, explicit unit",Standard review,Not started,
97,batch_05,502.png,000059,kWh,T2 F,0.85,integer,Video_images,4,4,2,"leading zeros, repeated chars, explicit unit",Standard review,Not started,
98,batch_05,519.png,000060,kWh,T2 F,0.85,integer,Video_images,4,4,2,"leading zeros, repeated chars, explicit unit",Standard review,Not started,
99,batch_05,579.png,000061,kWh,T2 F,0.85,integer,Video_images,4,4,2,"leading zeros, repeated chars, explicit unit",Standard review,Not started,
100,batch_05,634.png,000062,kWh,T2 F,0.85,integer,Video_images,4,4,2,"leading zeros, repeated chars, explicit unit",Standard review,Not started,
