"Image","ImageWidth","ImageHeight","ClassId","ClassName","Confidence","XMin","YMin","XMax","YMax","InferenceMs"
"additional_100__batch_01__231.png","410","132","4","switchON","0.993809","176","120","208","131","521.855"
"additional_100__batch_01__231.png","410","132","3","comm","0.990335","16","108","42","131","521.855"
"additional_100__batch_01__231.png","410","132","10","powerON","0.95723","358","27","384","51","521.855"
"additional_100__batch_01__38.png","896","301","4","switchON","0.99858","380","236","455","265","503.408"
"additional_100__batch_01__38.png","896","301","10","powerON","0.998147","812","12","871","68","503.408"
"additional_100__batch_01__51.png","909","305","10","powerON","0.996029","821","16","877","73","502.88"
"additional_100__batch_01__51.png","909","305","4","switchON","0.984115","388","241","462","270","502.88"
"additional_100__batch_01__51.png","909","305","1","earth","0.968595","151","215","191","272","502.88"
"additional_100__batch_01__51.png","909","305","8","ForwardCN","0.966698","743","44","802","69","502.88"
"additional_100__batch_02__124.png","956","367","5","switchOFF","0.996085","424","271","497","305","472.651"
"additional_100__batch_02__124.png","956","367","10","powerON","0.988659","848","86","908","144","472.651"
"additional_100__batch_02__124.png","956","367","11","coverOpen","0.983863","132","273","178","330","472.651"
"additional_100__batch_02__124.png","956","367","6","battery","0.950008","378","276","416","337","472.651"
"additional_100__batch_02__282.png","475","160","4","switchON","0.996063","196","134","232","148","508.795"
"additional_100__batch_02__282.png","475","160","2","magnet","0.99602","140","123","171","149","508.795"
"additional_100__batch_02__282.png","475","160","8","ForwardCN","0.990564","356","37","386","49","508.795"
"additional_100__batch_02__282.png","475","160","10","powerON","0.980779","392","24","419","50","508.795"
"additional_100__batch_03__126.png","907","385","3","comm","0.986912","65","270","121","329","494.529"
"additional_100__batch_03__126.png","907","385","5","switchOFF","0.986094","416","280","491","320","494.529"
"additional_100__batch_03__126.png","907","385","10","powerON","0.976798","845","102","903","167","494.529"
"additional_100__batch_03__126.png","907","385","11","coverOpen","0.962083","128","276","173","334","494.529"
"additional_100__batch_03__126.png","907","385","6","battery","0.938974","370","286","406","348","494.529"
"additional_100__batch_03__297.png","533","188","2","magnet","0.995899","160","144","198","176","458.131"
"additional_100__batch_03__297.png","533","188","10","powerON","0.994546","459","27","491","58","458.131"
"additional_100__batch_03__297.png","533","188","8","ForwardCN","0.98782","416","43","451","58","458.131"
"additional_100__batch_03__297.png","533","188","4","switchON","0.982377","227","158","270","174","458.131"
"additional_100__batch_03__400.png","507","237","2","magnet","0.998362","144","167","183","202","475.63"
"additional_100__batch_03__400.png","507","237","5","switchOFF","0.982841","209","157","253","179","475.63"
"additional_100__batch_03__400.png","507","237","10","powerON","0.965616","433","35","462","68","475.63"
"additional_100__batch_03__400.png","507","237","8","ForwardCN","0.931563","393","54","424","68","475.63"
"additional_100__batch_04__414.png","938","377","10","powerON","0.99861","852","106","910","165","500.266"
"additional_100__batch_04__414.png","938","377","11","coverOpen","0.997369","128","276","174","334","500.266"
"additional_100__batch_04__465.png","728","262","9","neutral","0.995563","189","192","234","235","474.792"
"additional_100__batch_04__465.png","728","262","1","earth","0.994181","143","192","181","236","474.792"
"additional_100__batch_04__465.png","728","262","4","switchON","0.98086","329","210","388","232","474.792"
"additional_100__batch_04__465.png","728","262","10","powerON","0.976956","645","38","692","80","474.792"
"additional_100__batch_04__465.png","728","262","8","ForwardCN","0.975492","588","59","636","79","474.792"
"additional_100__batch_04__465.png","728","262","3","comm","0.949142","52","193","100","237","474.792"
"additional_100__batch_04__653.png","1740","496","7","reverseCN","0.429667","439","47","542","118","554.53"
"additional_100__batch_05__481.png","1822","581","7","reverseCN","0.651982","474","83","580","187","478.592"
"additional_100__batch_05__481.png","1822","581","10","powerON","0.510051","473","80","579","188","478.592"
"additional_100__batch_05__519.png","1633","446","8","ForwardCN","0.994317","1316","46","1428","90","486.539"
"additional_100__batch_05__519.png","1633","446","10","powerON","0.952212","1457","2","1561","89","486.539"
"additional_100__batch_05__519.png","1633","446","3","comm","0.792905","42","383","140","444","486.539"
"additional_100__batch_05__519.png","1633","446","4","switchON","0.61011","715","412","811","445","486.539"
"additional_100__batch_05__519.png","1633","446","1","earth","0.506491","244","380","333","434","486.539"
"additional_100__batch_05__519.png","1633","446","5","switchOFF","0.459999","41","382","139","444","486.539"
"additional_100__batch_05__662.png","1782","546","7","reverseCN","0.424135","458","69","557","172","479.571"
"next_100__batch_01__312.png","377","113","10","powerON","0.997723","330","12","353","33","489.505"
"next_100__batch_01__312.png","377","113","1","earth","0.997721","73","83","91","106","489.505"
"next_100__batch_01__312.png","377","113","4","switchON","0.997436","166","94","196","105","489.505"
"next_100__batch_01__312.png","377","113","8","ForwardCN","0.990071","301","22","324","32","489.505"
"next_100__batch_01__43.png","907","299","4","switchON","0.998935","386","241","463","269","523.311"
"next_100__batch_01__43.png","907","299","10","powerON","0.996342","819","16","875","73","523.311"
"next_100__batch_01__54.png","933","297","10","powerON","0.974194","827","14","885","67","726.827"
"next_100__batch_01__54.png","933","297","4","switchON","0.966327","394","238","468","268","726.827"
"next_100__batch_01__54.png","933","297","3","comm","0.953884","31","209","92","269","726.827"
"next_100__batch_01__54.png","933","297","8","ForwardCN","0.953123","751","39","811","64","726.827"
"next_100__batch_01__54.png","933","297","1","earth","0.950271","153","215","194","270","726.827"
"next_100__batch_02__173.png","1167","508","10","powerON","0.993258","1082","147","1157","228","714.24"
"next_100__batch_02__173.png","1167","508","5","switchOFF","0.990614","516","345","616","395","714.24"
"next_100__batch_02__304.png","557","177","2","magnet","0.998012","174","142","213","174","713.801"
"next_100__batch_02__304.png","557","177","4","switchON","0.996542","240","157","284","172","713.801"
"next_100__batch_02__304.png","557","177","8","ForwardCN","0.987481","431","42","465","57","713.801"
"next_100__batch_02__304.png","557","177","10","powerON","0.97883","472","26","505","57","713.801"
"next_100__batch_02__383.png","873","340","9","neutral","0.998079","188","235","249","293","718.412"
"next_100__batch_02__383.png","873","340","1","earth","0.995647","131","237","178","294","718.412"
"next_100__batch_02__383.png","873","340","4","switchON","0.988489","371","260","444","289","718.412"
"next_100__batch_02__383.png","873","340","10","powerON","0.952375","776","43","835","96","718.412"
"next_100__batch_02__383.png","873","340","8","ForwardCN","0.949373","702","71","762","94","718.412"
"next_100__batch_03__252.png","465","153","2","magnet","0.99729","147","118","179","145","717.905"
"next_100__batch_03__252.png","465","153","10","powerON","0.994655","400","20","427","46","717.905"
"next_100__batch_03__252.png","465","153","8","ForwardCN","0.981694","364","33","393","46","717.905"
"next_100__batch_03__252.png","465","153","5","switchOFF","0.979252","202","113","240","130","717.905"
"next_100__batch_03__266.png","473","162","2","magnet","0.995813","141","128","172","155","702.72"
"next_100__batch_03__266.png","473","162","10","powerON","0.990782","392","29","419","55","702.72"
"next_100__batch_03__266.png","473","162","5","switchOFF","0.987731","196","122","234","139","702.72"
"next_100__batch_03__266.png","473","162","8","ForwardCN","0.970604","357","43","385","55","702.72"
"next_100__batch_03__72.png","510","238","2","magnet","0.995859","139","170","180","208","699.515"
"next_100__batch_03__72.png","510","238","5","switchOFF","0.986458","205","162","250","186","699.515"
"next_100__batch_03__72.png","510","238","10","powerON","0.956147","435","37","464","71","699.515"
"next_100__batch_03__72.png","510","238","8","ForwardCN","0.948085","395","56","426","71","699.515"
"next_100__batch_04__458.png","666","232","1","earth","0.996304","130","172","163","212","757.524"
"next_100__batch_04__458.png","666","232","10","powerON","0.994461","592","33","634","72","757.524"
"next_100__batch_04__458.png","666","232","4","switchON","0.99417","300","189","355","209","757.524"
"next_100__batch_04__458.png","666","232","8","ForwardCN","0.984826","540","52","583","71","757.524"
"next_100__batch_04__460.png","587","205","4","switchON","0.998362","267","167","314","184","730.449"
"next_100__batch_04__460.png","587","205","1","earth","0.997194","116","153","146","188","730.449"
"next_100__batch_04__460.png","587","205","10","powerON","0.993397","519","31","556","65","730.449"
"next_100__batch_04__460.png","587","205","7","reverseCN","0.639307","476","31","514","48","730.449"
"next_100__batch_04__470.png","458","162","4","switchON","0.993766","197","141","233","154","785.417"
"next_100__batch_04__470.png","458","162","3","comm","0.986658","20","126","49","155","785.417"
"next_100__batch_04__470.png","458","162","10","powerON","0.973788","401","33","430","60","785.417"
"next_100__batch_04__470.png","458","162","11","coverOpen","0.940476","53","127","75","155","785.417"
"next_100__batch_04__470.png","458","162","6","battery","0.892426","175","127","193","155","785.417"
"next_100__batch_05__608.png","1768","487","1","earth","0.491571","377","367","482","472","804.349"
"pilot_90__calibration__301.png","532","175","2","magnet","0.997164","169","139","207","172","910.346"
"pilot_90__calibration__301.png","532","175","4","switchON","0.995266","237","154","279","171","910.346"
"pilot_90__calibration__301.png","532","175","10","powerON","0.991167","467","23","501","54","910.346"
"pilot_90__calibration__301.png","532","175","8","ForwardCN","0.986509","425","40","460","54","910.346"
"pilot_90__train__184.png","827","257","10","powerON","0.998956","693","21","746","68","712.831"
"pilot_90__train__184.png","827","257","5","switchOFF","0.995166","338","199","405","228","712.831"
"pilot_90__train__189.png","851","277","10","powerON","0.996373","717","22","771","71","696.403"
"pilot_90__train__189.png","851","277","5","switchOFF","0.97459","351","205","424","240","696.403"
"pilot_90__train__341.png","702","257","10","powerON","0.99828","619","47","664","87","698.167"
"pilot_90__train__341.png","702","257","1","earth","0.995755","136","190","172","234","698.167"
"pilot_90__train__341.png","702","257","4","switchON","0.986523","315","208","372","230","698.167"
"pilot_90__train__341.png","702","257","8","ForwardCN","0.981688","564","67","610","86","698.167"
"pilot_90__train__36.png","910","300","4","switchON","0.999046","383","238","458","268","689.073"
"pilot_90__train__36.png","910","300","10","powerON","0.997692","815","13","874","69","689.073"
"pilot_90__train__370.png","456","162","4","switchON","0.99555","196","145","233","159","702.353"
"pilot_90__train__370.png","456","162","6","battery","0.987131","174","132","192","160","702.353"
"pilot_90__train__370.png","456","162","10","powerON","0.979358","400","38","430","65","702.353"
"pilot_90__train__370.png","456","162","11","coverOpen","0.978078","51","132","74","160","702.353"
"pilot_90__train__584.png","1778","500","7","reverseCN","0.391018","435","48","537","152","689.255"
"pilot_90__train__71.png","502","230","2","magnet","0.99662","136","164","175","200","691.539"
"pilot_90__train__71.png","502","230","5","switchOFF","0.986209","202","154","246","178","691.539"
"pilot_90__train__71.png","502","230","10","powerON","0.979475","430","30","461","65","691.539"
"pilot_90__train__71.png","502","230","8","ForwardCN","0.953405","389","50","421","65","691.539"
"remaining_376__batch_01__29.png","922","303","10","powerON","0.997014","829","15","888","71","814.744"
"remaining_376__batch_01__29.png","922","303","5","switchOFF","0.99676","396","204","473","239","814.744"
"remaining_376__batch_01__49.png","940","304","10","powerON","0.995589","829","19","886","73","702.993"
"remaining_376__batch_01__49.png","940","304","4","switchON","0.994437","396","243","471","272","702.993"
"remaining_376__batch_01__49.png","940","304","1","earth","0.987519","159","216","201","275","702.993"
"remaining_376__batch_01__49.png","940","304","8","ForwardCN","0.967552","750","47","811","72","702.993"
"remaining_376__batch_01__58.png","918","274","9","neutral","0.997958","196","197","258","256","706.116"
"remaining_376__batch_01__58.png","918","274","4","switchON","0.992771","383","226","456","255","706.116"
"remaining_376__batch_01__58.png","918","274","1","earth","0.988406","140","199","183","259","706.116"
"remaining_376__batch_01__58.png","918","274","8","ForwardCN","0.962357","740","26","799","50","706.116"
"remaining_376__batch_01__58.png","918","274","10","powerON","0.916799","818","4","873","54","706.116"
"remaining_376__batch_01__74.png","501","247","2","magnet","0.995474","143","174","183","210","687.246"
"remaining_376__batch_01__74.png","501","247","5","switchOFF","0.991519","209","166","251","189","687.246"
"remaining_376__batch_01__74.png","501","247","10","powerON","0.966633","431","42","460","74","687.246"
"remaining_376__batch_01__74.png","501","247","8","ForwardCN","0.945505","391","61","422","75","687.246"
"remaining_376__batch_02__102.png","622","227","2","magnet","0.99338","175","157","221","196","699.183"
"remaining_376__batch_02__102.png","622","227","4","switchON","0.992478","254","176","303","196","699.183"
"remaining_376__batch_02__102.png","622","227","3","comm","0.982216","18","159","51","200","699.183"
"remaining_376__batch_02__102.png","622","227","8","ForwardCN","0.979554","480","46","518","63","699.183"
"remaining_376__batch_02__102.png","622","227","10","powerON","0.954356","528","28","564","65","699.183"
"remaining_376__batch_02__112.png","898","426","5","switchOFF","0.992653","405","294","477","335","699.495"
"remaining_376__batch_02__112.png","898","426","6","battery","0.973054","361","302","398","361","699.495"
"remaining_376__batch_02__112.png","898","426","10","powerON","0.969274","829","147","885","204","699.495"
"remaining_376__batch_02__112.png","898","426","11","coverOpen","0.968701","129","281","173","338","699.495"
"remaining_376__batch_02__120.png","907","415","5","switchOFF","0.992127","409","292","481","326","696.027"
"remaining_376__batch_02__120.png","907","415","10","powerON","0.991929","835","133","899","195","696.027"
"remaining_376__batch_02__120.png","907","415","11","coverOpen","0.974413","121","274","168","332","696.027"
"remaining_376__batch_02__120.png","907","415","6","battery","0.953021","362","296","397","356","696.027"
"remaining_376__batch_02__134.png","1112","452","10","powerON","0.997467","1011","113","1085","182","769.921"
"remaining_376__batch_02__134.png","1112","452","4","switchON","0.994943","483","369","576","406","769.921"
"remaining_376__batch_02__134.png","1112","452","11","coverOpen","0.974969","130","321","184","392","769.921"
"remaining_376__batch_02__134.png","1112","452","6","battery","0.962139","429","331","475","408","769.921"
"remaining_376__batch_03__149.png","1152","461","4","switchON","0.996684","503","372","596","410","702.542"
"remaining_376__batch_03__149.png","1152","461","10","powerON","0.995621","1041","115","1117","185","702.542"
"remaining_376__batch_03__149.png","1152","461","11","coverOpen","0.962027","146","319","201","390","702.542"
"remaining_376__batch_03__149.png","1152","461","6","battery","0.949636","449","333","493","409","702.542"
"remaining_376__batch_03__153.png","1206","446","10","powerON","0.99855","1080","58","1156","133","684.843"
"remaining_376__batch_03__153.png","1206","446","11","coverOpen","0.980972","155","312","214","385","684.843"
"remaining_376__batch_03__168.png","1503","592","5","switchOFF","0.997332","620","431","753","494","700.097"
"remaining_376__batch_03__168.png","1503","592","10","powerON","0.996868","1375","126","1480","225","700.097"
"remaining_376__batch_03__180.png","982","358","9","neutral","0.996539","214","292","280","348","672.805"
"remaining_376__batch_03__180.png","982","358","4","switchON","0.991947","413","324","496","352","672.805"
"remaining_376__batch_03__180.png","982","358","1","earth","0.985373","151","291","199","351","672.805"
"remaining_376__batch_03__180.png","982","358","8","ForwardCN","0.984474","764","129","827","157","672.805"
"remaining_376__batch_03__180.png","982","358","10","powerON","0.978806","840","106","902","164","672.805"
"remaining_376__batch_04__202.png","810","286","3","comm","0.991553","20","237","69","283","677.993"
"remaining_376__batch_04__202.png","810","286","5","switchOFF","0.954566","336","232","401","258","677.993"
"remaining_376__batch_04__202.png","810","286","10","powerON","0.400516","692","72","737","122","677.993"
"remaining_376__batch_04__207.png","787","285","5","switchOFF","0.990256","327","223","396","252","861.483"
"remaining_376__batch_04__207.png","787","285","10","powerON","0.979899","679","69","725","113","861.483"
"remaining_376__batch_04__208.png","807","293","3","comm","0.993164","15","238","65","281","709.457"
"remaining_376__batch_04__208.png","807","293","5","switchOFF","0.985401","332","230","397","258","709.457"
"remaining_376__batch_04__235.png","405","151","3","comm","0.989693","12","116","38","140","677.242"
"remaining_376__batch_04__235.png","405","151","4","switchON","0.979102","171","129","204","140","677.242"
"remaining_376__batch_04__235.png","405","151","10","powerON","0.961431","355","35","380","59","677.242"
"remaining_376__batch_05__265.png","476","172","2","magnet","0.997499","146","130","179","157","700.046"
"remaining_376__batch_05__265.png","476","172","10","powerON","0.985972","399","32","426","57","700.046"
"remaining_376__batch_05__265.png","476","172","5","switchOFF","0.98392","202","124","241","141","700.046"
"remaining_376__batch_05__265.png","476","172","8","ForwardCN","0.980021","363","45","393","57","700.046"
"remaining_376__batch_05__274.png","457","157","2","magnet","0.997354","148","125","178","151","710.005"
"remaining_376__batch_05__274.png","457","157","5","switchOFF","0.989257","202","119","240","138","710.005"
"remaining_376__batch_05__274.png","457","157","10","powerON","0.981059","400","27","426","52","710.005"
"remaining_376__batch_05__274.png","457","157","8","ForwardCN","0.972945","364","40","393","52","710.005"
"remaining_376__batch_05__277.png","456","160","2","magnet","0.997402","144","124","175","151","674.02"
"remaining_376__batch_05__277.png","456","160","4","switchON","0.989926","201","136","237","150","674.02"
"remaining_376__batch_05__277.png","456","160","10","powerON","0.988852","396","26","425","52","674.02"
"remaining_376__batch_05__277.png","456","160","8","ForwardCN","0.984101","360","39","390","51","674.02"
"remaining_376__batch_05__306.png","533","187","4","switchON","0.996606","237","160","278","176","654.442"
"remaining_376__batch_05__306.png","533","187","2","magnet","0.995944","169","146","205","178","654.442"
"remaining_376__batch_05__306.png","533","187","10","powerON","0.990322","466","29","500","60","654.442"
"remaining_376__batch_05__306.png","533","187","8","ForwardCN","0.981995","425","46","459","59","654.442"
"remaining_376__batch_06__321.png","378","136","4","switchON","0.99568","172","106","203","117","651.33"
"remaining_376__batch_06__321.png","378","136","1","earth","0.99406","77","95","94","118","651.33"
"remaining_376__batch_06__321.png","378","136","10","powerON","0.991641","338","20","362","42","651.33"
"remaining_376__batch_06__321.png","378","136","7","reverseCN","0.883681","310","20","333","30","651.33"
"remaining_376__batch_06__326.png","413","140","10","powerON","0.995201","364","18","390","42","669.026"
"remaining_376__batch_06__326.png","413","140","4","switchON","0.979899","186","113","220","127","669.026"
"remaining_376__batch_06__326.png","413","140","1","earth","0.963496","82","103","102","127","669.026"
"remaining_376__batch_06__326.png","413","140","7","reverseCN","0.939844","333","18","359","30","669.026"
"remaining_376__batch_06__345.png","487","177","4","switchON","0.99213","209","140","249","156","663.4"
"remaining_376__batch_06__345.png","487","177","10","powerON","0.991561","422","23","452","51","663.4"
"remaining_376__batch_06__345.png","487","177","1","earth","0.990447","84","129","108","158","663.4"
"remaining_376__batch_06__345.png","487","177","7","reverseCN","0.833723","385","24","416","37","663.4"
"remaining_376__batch_06__348.png","525","167","4","switchON","0.996957","243","143","284","159","688.039"
"remaining_376__batch_06__348.png","525","167","1","earth","0.994197","108","129","135","161","688.039"
"remaining_376__batch_06__348.png","525","167","10","powerON","0.992406","469","26","502","56","688.039"
"remaining_376__batch_06__348.png","525","167","7","reverseCN","0.839616","430","26","464","41","688.039"
"remaining_376__batch_06__351.png","442","172","9","neutral","0.997074","115","124","143","151","706.185"
"remaining_376__batch_06__351.png","442","172","1","earth","0.99178","87","124","110","152","706.185"
"remaining_376__batch_06__351.png","442","172","4","switchON","0.991286","201","134","238","148","706.185"
"remaining_376__batch_06__351.png","442","172","8","ForwardCN","0.982526","361","39","391","51","706.185"
"remaining_376__batch_06__351.png","442","172","10","powerON","0.982101","397","25","425","52","706.185"
"remaining_376__batch_07__359.png","725","268","9","neutral","0.997617","193","196","237","238","689.345"
"remaining_376__batch_07__359.png","725","268","1","earth","0.994364","147","195","184","241","689.345"
"remaining_376__batch_07__359.png","725","268","8","ForwardCN","0.993974","589","62","639","83","689.345"
"remaining_376__batch_07__359.png","725","268","4","switchON","0.992125","332","213","390","234","689.345"
"remaining_376__batch_07__359.png","725","268","10","powerON","0.982402","647","41","694","84","689.345"
"remaining_376__batch_07__377.png","545","185","4","switchON","0.993554","240","162","284","177","696.31"
"remaining_376__batch_07__377.png","545","185","3","comm","0.992213","31","144","66","177","696.31"
"remaining_376__batch_07__377.png","545","185","6","battery","0.97668","214","146","236","179","696.31"
"remaining_376__batch_07__377.png","545","185","10","powerON","0.975778","482","36","516","67","696.31"
"remaining_376__batch_07__377.png","545","185","11","coverOpen","0.962235","70","146","96","179","696.31"
"remaining_376__batch_07__379.png","536","196","4","switchON","0.997994","238","167","283","183","750.846"
"remaining_376__batch_07__379.png","536","196","10","powerON","0.994596","481","42","516","74","750.846"
"remaining_376__batch_07__379.png","536","196","6","battery","0.978023","213","151","234","184","750.846"
"remaining_376__batch_07__379.png","536","196","11","coverOpen","0.964805","69","152","95","183","750.846"
"remaining_376__batch_07__389.png","747","280","9","neutral","0.996301","195","203","242","247","776.284"
"remaining_376__batch_07__389.png","747","280","1","earth","0.99199","148","203","187","249","776.284"
"remaining_376__batch_07__389.png","747","280","8","ForwardCN","0.988777","606","66","657","88","776.284"
"remaining_376__batch_07__389.png","747","280","4","switchON","0.988431","339","222","400","244","776.284"
"remaining_376__batch_07__389.png","747","280","10","powerON","0.965991","665","45","715","90","776.284"
"remaining_376__batch_07__389.png","747","280","3","comm","0.827492","54","204","102","249","776.284"
"remaining_376__batch_07__395.png","857","330","9","neutral","0.997479","232","231","285","281","658.672"
"remaining_376__batch_07__395.png","857","330","8","ForwardCN","0.993859","699","74","756","97","658.672"
"remaining_376__batch_07__395.png","857","330","4","switchON","0.992821","396","251","465","277","658.672"
"remaining_376__batch_07__395.png","857","330","1","earth","0.984203","179","231","222","285","658.672"
"remaining_376__batch_07__395.png","857","330","10","powerON","0.9837","765","48","823","100","658.672"
"remaining_376__batch_08__407.png","623","257","2","magnet","0.995893","174","179","221","220","842.154"
"remaining_376__batch_08__407.png","623","257","4","switchON","0.986897","253","198","303","219","842.154"
"remaining_376__batch_08__407.png","623","257","3","comm","0.98167","12","186","47","226","842.154"
"remaining_376__batch_08__407.png","623","257","8","ForwardCN","0.946933","480","59","520","75","842.154"
"remaining_376__batch_08__407.png","623","257","10","powerON","0.917094","531","40","566","75","842.154"
"remaining_376__batch_08__421.png","1592","616","4","switchON","0.996875","684","518","809","564","659.305"
"remaining_376__batch_08__421.png","1592","616","3","comm","0.991723","69","447","171","543","659.305"
"remaining_376__batch_08__421.png","1592","616","10","powerON","0.98537","1436","152","1543","252","659.305"
"remaining_376__batch_08__431.png","816","287","3","comm","0.996453","16","237","67","280","659.89"
"remaining_376__batch_08__431.png","816","287","5","switchOFF","0.984264","335","232","403","258","659.89"
"remaining_376__batch_08__436.png","417","147","5","switchOFF","0.997192","182","110","217","127","620.103"
"remaining_376__batch_08__436.png","417","147","10","powerON","0.993626","366","27","392","52","620.103"
"remaining_376__batch_08__436.png","417","147","11","coverOpen","0.969912","49","116","70","141","620.103"
"remaining_376__batch_08__436.png","417","147","6","battery","0.967367","163","115","179","141","620.103"
"remaining_376__batch_08__447.png","460","156","2","magnet","0.996198","137","119","168","146","747.836"
"remaining_376__batch_08__447.png","460","156","4","switchON","0.992753","193","130","230","145","747.836"
"remaining_376__batch_08__447.png","460","156","8","ForwardCN","0.989334","353","34","383","47","747.836"
"remaining_376__batch_08__447.png","460","156","10","powerON","0.987565","389","20","417","47","747.836"
"remaining_376__batch_09__455.png","418","141","4","switchON","0.992941","188","113","221","127","748.643"
"remaining_376__batch_09__455.png","418","141","10","powerON","0.989221","363","20","388","43","748.643"
"remaining_376__batch_09__455.png","418","141","1","earth","0.981752","86","104","105","128","748.643"
"remaining_376__batch_09__455.png","418","141","7","reverseCN","0.916374","333","20","358","32","748.643"
"remaining_376__batch_09__462.png","586","211","1","earth","0.997836","115","147","145","182","679.614"
"remaining_376__batch_09__462.png","586","211","10","powerON","0.995518","516","26","553","59","679.614"
"remaining_376__batch_09__462.png","586","211","4","switchON","0.983802","265","161","312","178","679.614"
"remaining_376__batch_09__462.png","586","211","7","reverseCN","0.956931","472","26","510","43","679.614"
"remaining_376__batch_09__473.png","545","185","4","switchON","0.998652","233","161","278","177","634.657"
"remaining_376__batch_09__473.png","545","185","10","powerON","0.99212","476","35","511","66","634.657"
"remaining_376__batch_09__473.png","545","185","6","battery","0.97998","208","144","229","178","634.657"
"remaining_376__batch_09__473.png","545","185","11","coverOpen","0.960078","63","145","89","177","634.657"
"remaining_376__batch_09__499.png","1592","479","10","powerON","0.998838","1441","16","1550","110","631.175"
"remaining_376__batch_09__499.png","1592","479","1","earth","0.995221","247","397","329","478","631.175"
"remaining_376__batch_09__499.png","1592","479","8","ForwardCN","0.99427","1306","66","1418","109","631.175"
"remaining_376__batch_09__499.png","1592","479","4","switchON","0.944609","696","433","822","478","631.175"
"remaining_376__batch_10__517.png","1561","414","10","powerON","0.997799","1457","19","1560","117","641.704"
"remaining_376__batch_10__517.png","1561","414","8","ForwardCN","0.992262","1325","70","1436","112","641.704"
"remaining_376__batch_10__523.png","1579","451","8","ForwardCN","0.991587","1315","53","1426","95","658.565"
"remaining_376__batch_10__523.png","1579","451","10","powerON","0.980107","1455","6","1557","96","658.565"
"remaining_376__batch_10__523.png","1579","451","1","earth","0.924562","248","386","330","441","658.565"
"remaining_376__batch_10__523.png","1579","451","3","comm","0.858444","40","386","137","447","658.565"
"remaining_376__batch_10__523.png","1579","451","4","switchON","0.386437","718","417","808","450","658.565"
"remaining_376__batch_10__535.png","1631","409","8","ForwardCN","0.997379","1338","46","1449","92","844.576"
"remaining_376__batch_10__535.png","1631","409","10","powerON","0.995157","1482","6","1577","93","844.576"
"remaining_376__batch_10__537.png","1609","453","8","ForwardCN","0.995186","1297","50","1409","92","808.701"
"remaining_376__batch_10__537.png","1609","453","10","powerON","0.978846","1437","4","1542","90","808.701"
"remaining_376__batch_10__537.png","1609","453","1","earth","0.910898","229","382","313","438","808.701"
"remaining_376__batch_10__537.png","1609","453","4","switchON","0.892582","1031","374","1108","427","808.701"
"remaining_376__batch_10__537.png","1609","453","4","switchON","0.621612","696","413","791","450","808.701"
"remaining_376__batch_10__537.png","1609","453","11","coverOpen","0.510231","1030","373","1109","428","808.701"
"remaining_376__batch_10__548.png","1754","493","7","reverseCN","0.49303","441","40","548","134","686.944"
"remaining_376__batch_11__560.png","1577","446","10","powerON","0.994947","1451","10","1560","107","671.767"
"remaining_376__batch_11__560.png","1577","446","8","ForwardCN","0.99284","1314","59","1423","103","671.767"
"remaining_376__batch_11__562.png","1610","474","10","powerON","0.998309","1422","22","1531","116","657.553"
"remaining_376__batch_11__562.png","1610","474","8","ForwardCN","0.996749","1284","72","1396","117","657.553"
"remaining_376__batch_11__562.png","1610","474","1","earth","0.690889","216","403","299","462","657.553"
"remaining_376__batch_11__562.png","1610","474","4","switchON","0.488989","686","436","778","471","657.553"
"remaining_376__batch_11__573.png","1655","491","10","powerON","0.998625","1488","49","1596","146","694.789"
"remaining_376__batch_11__573.png","1655","491","8","ForwardCN","0.998095","1350","101","1462","147","694.789"
"remaining_376__batch_11__573.png","1655","491","3","comm","0.419515","75","438","173","489","694.789"
"remaining_376__batch_11__581.png","1559","459","8","ForwardCN","0.993505","1299","57","1411","99","707.546"
"remaining_376__batch_11__581.png","1559","459","10","powerON","0.993186","1440","9","1540","99","707.546"
"remaining_376__batch_11__581.png","1559","459","1","earth","0.789898","230","386","313","442","707.546"
"remaining_376__batch_11__581.png","1559","459","4","switchON","0.560989","701","419","791","454","707.546"
"remaining_376__batch_12__630.png","1587","473","10","powerON","0.998899","1439","25","1550","123","665.58"
"remaining_376__batch_12__630.png","1587","473","8","ForwardCN","0.998129","1304","77","1413","123","665.58"
"remaining_376__batch_12__630.png","1587","473","1","earth","0.50044","230","412","318","469","665.58"
"remaining_376__batch_12__631.png","1615","462","8","ForwardCN","0.994882","1299","61","1411","105","655.29"
"remaining_376__batch_12__631.png","1615","462","10","powerON","0.993211","1436","12","1546","106","655.29"
"remaining_376__batch_12__631.png","1615","462","1","earth","0.946305","231","393","315","455","655.29"
"remaining_376__batch_12__644.png","1608","456","8","ForwardCN","0.99911","1302","66","1415","112","676.814"
"remaining_376__batch_12__644.png","1608","456","10","powerON","0.995558","1439","17","1547","111","676.814"
"remaining_376__batch_12__644.png","1608","456","1","earth","0.408566","233","398","317","446","676.814"
"remaining_376__batch_12__649.png","1694","428","8","ForwardCN","0.998092","1375","54","1489","104","689.605"
"remaining_376__batch_12__649.png","1694","428","10","powerON","0.989576","1511","10","1620","102","689.605"
"remaining_376__batch_12__649.png","1694","428","11","coverOpen","0.744444","1595","367","1677","424","689.605"
"remaining_376__batch_12__649.png","1694","428","4","switchON","0.674509","1595","367","1677","424","689.605"
"remaining_376__batch_12__660.png","1624","451","8","ForwardCN","0.998034","1319","76","1434","123","687.378"
"remaining_376__batch_12__660.png","1624","451","10","powerON","0.996879","1458","24","1564","121","687.378"
"remaining_376__batch_12__660.png","1624","451","4","switchON","0.943707","1526","415","1613","450","687.378"
"remaining_376__batch_13__675.png","1568","450","8","ForwardCN","0.997405","1293","60","1406","106","665.927"
"remaining_376__batch_13__675.png","1568","450","10","powerON","0.99556","1430","11","1540","105","665.927"
"remaining_376__batch_13__684.png","1604","452","8","ForwardCN","0.989529","1340","48","1453","96","646.408"
"remaining_376__batch_13__684.png","1604","452","10","powerON","0.989319","1480","5","1583","95","646.408"
"remaining_376__batch_13__684.png","1604","452","1","earth","0.783635","276","380","362","435","646.408"
